signal_d,proposed_power,schott_power,cheng_power
0.2,0.559375,0.850775,0.4087
0.4,0.924975,0.9957,0.872425
0.6,0.9904,0.999975,0.9836
